taxonomy_level,final_nomenclature,pre-print_nomenclature,ID
Group,B cell,B cells,CS20250428_GROUP_0000
Group,BAM,BAM,CS20250428_GROUP_0001
Group,GPin-BF Cholinergic GABA,GPin-BF Cholinergic GABA,CS20250428_GROUP_0003
Group,LAMP5-CXCL14 GABA,LAMP5-CXCL14 GABA,CS20250428_GROUP_0004
Group,LAMP5-LHX6 GABA,LAMP5-LHX6 GABA,CS20250428_GROUP_0005
Group,BF SKOR1 Glut,BF SKOR1 Glut,CS20250428_GROUP_0008
Group,COP,COP,CS20250428_GROUP_0009
Group,Endo,Endo,CS20250428_GROUP_0011
Group,Ependymal,Ependymal,CS20250428_GROUP_0012
Group,GPe MEIS2-SOX6 GABA,GPe MEIS2-SOX6 GABA,CS20250428_GROUP_0013
Group,GPe SOX6-CTXND1 GABA,GPe SOX6-CTXND1 GABA,CS20250428_GROUP_0014
Group,GPi Core GABA,GPi Core,CS20250428_GROUP_0015
Group,GPi Shell GABA-Glut,GPi Shell,CS20250428_GROUP_0016
Group,ImAstro,ImAstro,CS20250428_GROUP_0017
Group,ImOligo,ImOligo,CS20250428_GROUP_0018
Group,Microglia,Microglia,CS20250428_GROUP_0019
Group,GPe-NDB-SI LHX6-LHX8-GBX1 GABA,GPe-NDB-SI LHX6-LHX8-GBX1 GABA,CS20250428_GROUP_0020
Group,Monocyte,Monocyte,CS20250428_GROUP_0022
Group,OPC,OPC,CS20250428_GROUP_0023
Group,OT ICj Granule,OT D1 ICj,CS20250428_GROUP_0024
Group,Oligo OPALIN,Oligo OPALIN,CS20250428_GROUP_0025
Group,Oligo PLEKHG1,Oligo PLEKHG1,CS20250428_GROUP_0026
Group,Pericyte,Pericyte,CS20250428_GROUP_0027
Group,SMC,SMC,CS20250428_GROUP_0028
Group,SN-VTR CALB1 Dopa,SN-VTR CALB1 Dopa,CS20250428_GROUP_0029
Group,IP EBF2 GABA,SN EBF2 GABA,CS20250428_GROUP_0030
Group,SN-VTR GAD2 Dopa,SN-VTR GAD2 Dopa,CS20250428_GROUP_0031
Group,SN GATA3-PAX8 GABA,SN GATA3-PAX8 GABA,CS20250428_GROUP_0032
Group,SN GATA3-PVALB GABA,SN GATA3-PVALB GABA,CS20250428_GROUP_0033
Group,IP SEMA5A GABA,SN SEMA5A GABA,CS20250428_GROUP_0034
Group,SN SOX6 Dopa,SN SOX6 Dopa,CS20250428_GROUP_0035
Group,SN-VTR-HTH GATA3-TCF7L2 GABA,SN-VTR-HTH GATA3-TCF7L2 GABA,CS20250428_GROUP_0037
Group,STH PVALB-PITX2 Glut,STH PVALB-PITX2 Glut,CS20250428_GROUP_0038
Group,Astrocyte,Astrocyte,CS20250428_GROUP_0039
Group,STR FS PTHLH-PVALB GABA,STR FS PTHLH-PVALB GABA,CS20250428_GROUP_0040
Group,STR LYPD6-RSPO2 GABA,STR LYPD6-RSPO2 GABA,CS20250428_GROUP_0041
Group,STR SST-ADARB2 GABA,STR SST-ADARB2 GABA,CS20250428_GROUP_0042
Group,STR SST-CHODL GABA,STR SST-CHODL GABA,CS20250428_GROUP_0043
Group,STR SST-RSPO2 GABA,STR SST-RSPO2 GABA,CS20250428_GROUP_0044
Group,STR TAC3-PLPP4 GABA,STR TAC3-PLPP4 GABA,CS20250428_GROUP_0045
Group,STR-BF TAC3-PLPP4-LHX8 GABA,STR-BF TAC3-PLPP4-LHX8 GABA,CS20250428_GROUP_0046
Group,VIP GABA,VIP GABA,CS20250428_GROUP_0047
Group,STRd Cholinergic GABA,STRd Cholinergic GABA,CS20250428_GROUP_0048
Group,STRd D1 Matrix SPN,STRd D1 Matrix MSN,CS20250428_GROUP_0049
Group,STRd D1 Striosome SPN,STRd D1 Striosome MSN,CS20250428_GROUP_0050
Group,STR D1D2 eSPN,STR D1D2 Hybrid MSN,CS20250428_GROUP_0051
Group,STRd D2 Matrix SPN,STRd D2 Matrix MSN,CS20250428_GROUP_0052
Group,STR D2 SMYD2-HTR7 SPN,STRd D2 StrioMat Hybrid MSN,CS20250428_GROUP_0053
Group,STRd D2 Striosome SPN,STRd D2 Striosome MSN,CS20250428_GROUP_0054
Group,STR Cholinergic GABA,STR Cholinergic GABA,CS20250428_GROUP_0055
Group,STRv D1 SPN,STRv D1 MSN,CS20250428_GROUP_0056
Group,STRv D1 NUDAP eSPN,STRv D1 NUDAP MSN,CS20250428_GROUP_0057
Group,STRv D2 SPN,STRv D2 MSN,CS20250428_GROUP_0058
Group,T cell,T cells,CS20250428_GROUP_0059
Group,VLMC,VLMC,CS20250428_GROUP_0062
Group,ZI-HTH GABA,ZI-HTH GABA,CS20250428_GROUP_0063
Group,VTR-HTH Glut,VTR-HTH Glut,CS20250428_GROUP_0064
Group,AMY-SLEA-BNST D1 GABA,AMY-SLEA-BNST D1 GABA,CS20250428_GROUP_0065
Group,AMY-SLEA-BNST GABA,AMY-SLEA-BNST GABA,CS20250428_GROUP_0066
Group,OB Dopa-GABA,OB Dopa-GABA,CS20250428_GROUP_0067
Group,OB FRMD7 GABA,OB FRMD7 GABA,CS20250428_GROUP_0068
Subclass,Astrocyte,Astrocyte,CS20250428_SUBCL_0000
Subclass,CN Cholinergic GABA,CN Cholinergic GABA,CS20250428_SUBCL_0001
Subclass,CN LAMP5-CXCL14 GABA,CN LAMP5-CXCL14 GABA,CS20250428_SUBCL_0002
Subclass,CN LAMP5-LHX6 GABA,CN LAMP5-LHX6 GABA,CS20250428_SUBCL_0003
Subclass,CN LHX8 GABA,CN LHX8 GABA,CS20250428_SUBCL_0005
Subclass,CN MEIS2 GABA,CN MEIS2 GABA,CS20250428_SUBCL_0006
Subclass,CN ONECUT1 GABA,CN ONECUT1 GABA,CS20250428_SUBCL_0007
Subclass,CN ST18 GABA,CN ST18 GABA,CS20250428_SUBCL_0008
Subclass,CN VIP GABA,CN VIP GABA,CS20250428_SUBCL_0009
Subclass,COP,COP,CS20250428_SUBCL_0010
Subclass,Endo,Endo,CS20250428_SUBCL_0011
Subclass,Ependymal,Ependymal,CS20250428_SUBCL_0012
Subclass,F Glut,F Glut,CS20250428_SUBCL_0013
Subclass,CN GABA-Glut,CN GABA-Glut,CS20250428_SUBCL_0014
Subclass,Lymphocyte,Lymphocyte,CS20250428_SUBCL_0015
Subclass,F M GATA3 GABA,F M GATA3 GABA,CS20250428_SUBCL_0016
Subclass,F M Glut,F M Glut,CS20250428_SUBCL_0017
Subclass,Macrophage,Macrophage,CS20250428_SUBCL_0018
Subclass,Microglia,Microglia,CS20250428_SUBCL_0019
Subclass,OPC,OPC,CS20250428_SUBCL_0020
Subclass,OT Granule GABA,OT Granular GABA,CS20250428_SUBCL_0021
Subclass,Oligodendrocyte,Oligodendrocyte,CS20250428_SUBCL_0022
Subclass,Pericyte,Pericyte,CS20250428_SUBCL_0023
Subclass,SMC,SMC,CS20250428_SUBCL_0024
Subclass,M Dopa,M Dopa,CS20250428_SUBCL_0025
Subclass,IP PAX7 GABA,SN PAX7 GABA,CS20250428_SUBCL_0026
Subclass,STR D1 SPN,STR D1 MSN,CS20250428_SUBCL_0028
Subclass,STR D2 SPN,STR D2 MSN,CS20250428_SUBCL_0029
Subclass,STR Eccentric SPN,STR Hybrid MSN,CS20250428_SUBCL_0030
Subclass,STR RSPO2 GABA,STR RSPO2 GABA,CS20250428_SUBCL_0031
Subclass,STR SST GABA,STR SST GABA,CS20250428_SUBCL_0032
Subclass,STR SST-CHODL GABA,STR SST-CHODL GABA,CS20250428_SUBCL_0033
Subclass,VLMC,VLMC,CS20250428_SUBCL_0035
Subclass,OB MEIS2 GABA,ACx MEIS2 GABA,CS20250428_SUBCL_0036
Subclass,F GABA,F GABA,CS20250428_SUBCL_0037
Subclass,Monocyte,Monocyte,CS20250428_SUBCL_0038
Class,Astro-Epen,Astro-Epen,CS20250428_CLASS_0000
Class,CN CGE GABA,CN CGE GABA,CS20250428_CLASS_0001
Class,CN GABA-Glut,CN GABA-Glut,CS20250428_CLASS_0002
Class,CN LGE GABA,CN LGE GABA,CS20250428_CLASS_0003
Class,CN MGE GABA,CN MGE GABA,CS20250428_CLASS_0005
Class,F M GABA,F M GABA,CS20250428_CLASS_0006
Class,F M Glut,F M Glut,CS20250428_CLASS_0007
Class,Immune,Immune,CS20250428_CLASS_0008
Class,M Dopa,M Dopa,CS20250428_CLASS_0009
Class,OPC-Oligo,OPC-Oligo,CS20250428_CLASS_0010
Class,Vascular,Vascular,CS20250428_CLASS_0011
Class,Cx GABA,Cx GABA,CS20250428_CLASS_0012
Neighborhood,Glut Sero Dopa,Glut Sero Dopa,CS20250428_NEIGH_0000
Neighborhood,Nonneuron,Nonneuron,CS20250428_NEIGH_0001
Neighborhood,Subpallium GABA,Subpallium GABA,CS20250428_NEIGH_0002
Neighborhood,Subpallium GABA-Glut,Subpallium GABA-Glut,CS20250428_NEIGH_0003